file,line,function,ncalls,tottime,cumtime,backend,run
solution_clean_qiskit.py,1,<module>,1,7.69e-05,7016.6813044,solution_clean_qiskit,3
solution_clean_qiskit.py,98,train,1,0.0093872,7014.2780545000005,solution_clean_qiskit,3
solution_clean_qiskit.py,1,<module>,1,8.33e-05,6982.876588800001,solution_clean_qiskit,2
solution_clean_qiskit.py,1,<module>,1,7.41e-05,6980.7679876,solution_clean_qiskit,1
solution_clean_qiskit.py,98,train,1,0.008948300000000001,6980.1650471,solution_clean_qiskit,2
solution_clean_qiskit.py,98,train,1,0.0093845,6977.488548,solution_clean_qiskit,1
solution_clean_qiskit.py,1,<module>,1,0.0001004,6972.0931269,solution_clean_qiskit,4
solution_clean_qiskit.py,98,train,1,0.0090317,6969.4766006,solution_clean_qiskit,4
solution_clean_qiskit.py,1,<module>,1,8.740000000000001e-05,6950.9210203,solution_clean_qiskit,5
solution_clean_qiskit.py,98,train,1,0.0095096,6945.1100341,solution_clean_qiskit,5
solution_clean_qiskit.py,114,numerical_gradient_parallel,100,0.0013643000000000001,6909.4894622,solution_clean_qiskit,3
solution_clean_qiskit.py,114,numerical_gradient_parallel,100,0.0014806,6873.6436715,solution_clean_qiskit,2
solution_clean_qiskit.py,114,numerical_gradient_parallel,100,0.0021409000000000003,6872.058479400001,solution_clean_qiskit,1
solution_clean_qiskit.py,114,numerical_gradient_parallel,100,0.001348,6867.2936359000005,solution_clean_qiskit,4
solution_clean_qiskit.py,114,numerical_gradient_parallel,100,0.0013762000000000002,6844.955105200001,solution_clean_qiskit,5
solution_clean_pennylane.py,1,<module>,1,0.0001129,3434.6768214000003,solution_clean_pennylane,1
solution_clean_pennylane.py,87,train,1,0.0016898000000000002,3422.8185918000004,solution_clean_pennylane,1
solution_clean_pennylane.py,1,<module>,1,0.0001329,3162.4014337000003,solution_clean_pennylane,5
solution_clean_pennylane.py,87,train,1,0.0022760000000000002,3153.0480988000004,solution_clean_pennylane,5
solution_clean_pennylane.py,1,<module>,1,7.43e-05,3049.6618304000003,solution_clean_pennylane,3
solution_clean_pennylane.py,87,train,1,0.0015385000000000002,3040.3594351,solution_clean_pennylane,3
solution_clean_pennylane.py,1,<module>,1,0.0001077,3009.5316018000003,solution_clean_pennylane,2
solution_clean_pennylane.py,87,train,1,0.0016217,3000.4529981,solution_clean_pennylane,2
solution_clean_pennylane.py,1,<module>,1,6.35e-05,2999.0251115,solution_clean_pennylane,4
solution_clean_pennylane.py,87,train,1,0.0014778,2990.0173798,solution_clean_pennylane,4
solution_clean_pennylane.py,58,get_unitary_matrix,404,0.0481827,2772.8814309000004,solution_clean_pennylane,1
solution_clean_pennylane.py,71,loss_func,200,0.013091400000000001,2755.0502848,solution_clean_pennylane,1
solution_clean_pennylane.py,58,get_unitary_matrix,404,0.040540400000000004,2555.2852824,solution_clean_pennylane,5
solution_clean_pennylane.py,71,loss_func,200,0.0120671,2538.5812633,solution_clean_pennylane,5
solution_clean_pennylane.py,58,get_unitary_matrix,404,0.041167100000000005,2460.7213963000004,solution_clean_pennylane,3
solution_clean_pennylane.py,71,loss_func,200,0.0118931,2445.7534807,solution_clean_pennylane,3
solution_clean_pennylane.py,58,get_unitary_matrix,404,0.0453247,2429.3962993,solution_clean_pennylane,2
solution_clean_pennylane.py,58,get_unitary_matrix,404,0.040647800000000005,2426.3759634000003,solution_clean_pennylane,4
solution_clean_pennylane.py,71,loss_func,200,0.011201500000000001,2414.542039,solution_clean_pennylane,2
solution_clean_pennylane.py,71,loss_func,200,0.0116767,2411.577425,solution_clean_pennylane,4
solution_clean_pennylane.py,95,<lambda>,100,0.0003145,1872.7520782000001,solution_clean_pennylane,1
solution_clean_pennylane.py,95,<lambda>,100,0.0002837,1720.788315,solution_clean_pennylane,5
solution_clean_pennylane.py,95,<lambda>,100,0.0002436,1659.1022560000001,solution_clean_pennylane,3
solution_clean_pennylane.py,95,<lambda>,100,0.00023730000000000002,1641.5879348,solution_clean_pennylane,2
solution_clean_pennylane.py,95,<lambda>,100,0.00022290000000000002,1639.3725445,solution_clean_pennylane,4
solution_clean_pennylane.py,36,_basis_circuit,12928,0.0978677,224.428573,solution_clean_pennylane,1
solution_clean_pennylane.py,49,ansatz,12928,4.809895200000001,223.37858970000002,solution_clean_pennylane,1
solution_clean_qiskit.py,57,get_unitary_matrix,404,0.27340810000000004,208.5180062,solution_clean_qiskit,2
solution_clean_qiskit.py,57,get_unitary_matrix,404,0.2689839,206.68281290000002,solution_clean_qiskit,3
solution_clean_qiskit.py,81,loss_func,200,0.0231311,206.4722566,solution_clean_qiskit,2
solution_clean_qiskit.py,57,get_unitary_matrix,404,0.2710134,205.62267350000002,solution_clean_qiskit,1
solution_clean_pennylane.py,36,_basis_circuit,12928,0.08369610000000001,205.17231990000002,solution_clean_pennylane,5
solution_clean_qiskit.py,81,loss_func,200,0.0218406,205.08845720000002,solution_clean_qiskit,3
solution_clean_pennylane.py,49,ansatz,12928,4.4017583,204.21254280000002,solution_clean_pennylane,5
solution_clean_qiskit.py,81,loss_func,200,0.0222965,203.8658609,solution_clean_qiskit,1
solution_clean_qiskit.py,57,get_unitary_matrix,404,0.2531105,200.16318980000003,solution_clean_qiskit,4
solution_clean_qiskit.py,81,loss_func,200,0.021561200000000003,198.39981110000002,solution_clean_qiskit,4
solution_clean_pennylane.py,36,_basis_circuit,12928,0.0880327,198.18864960000002,solution_clean_pennylane,3
solution_clean_pennylane.py,49,ansatz,12928,4.2491914,197.26035750000003,solution_clean_pennylane,3
solution_clean_pennylane.py,36,_basis_circuit,12928,0.08704780000000001,195.8981061,solution_clean_pennylane,2
solution_clean_pennylane.py,36,_basis_circuit,12928,0.08844350000000001,195.7264662,solution_clean_pennylane,4
solution_clean_pennylane.py,49,ansatz,12928,4.1470591,194.97431780000002,solution_clean_pennylane,2
solution_clean_pennylane.py,49,ansatz,12928,4.1879096,194.7922997,solution_clean_pennylane,4
solution_clean_qiskit.py,57,get_unitary_matrix,404,0.25717100000000004,193.67823380000002,solution_clean_qiskit,5
solution_clean_qiskit.py,81,loss_func,200,0.022297900000000002,191.81792180000002,solution_clean_qiskit,5
solution_clean_qiskit.py,110,loss_only,100,0.0001755,101.0699604,solution_clean_qiskit,3
solution_clean_qiskit.py,110,loss_only,100,0.0001841,101.05511960000001,solution_clean_qiskit,2
solution_clean_qiskit.py,110,loss_only,100,0.0001743,99.38818330000001,solution_clean_qiskit,1
solution_clean_qiskit.py,110,loss_only,100,0.00018720000000000002,97.17110330000001,solution_clean_qiskit,4
solution_clean_qiskit.py,110,loss_only,100,0.00018470000000000002,92.7371416,solution_clean_qiskit,5
solution_clean_qiskit.py,47,ansatz,12928,3.7725265,89.5141533,solution_clean_qiskit,2
solution_clean_qiskit.py,47,ansatz,12928,3.8160984000000004,89.4693912,solution_clean_qiskit,3
solution_clean_qiskit.py,47,ansatz,12928,3.7496006000000004,88.2516695,solution_clean_qiskit,1
solution_clean_qiskit.py,47,ansatz,12928,3.6402211,85.017572,solution_clean_qiskit,4
solution_clean_qiskit.py,47,ansatz,12928,3.6340381,83.8229517,solution_clean_qiskit,5
solution_clean_paddle.py,1,<module>,1,0.07011880000000001,75.8860226,solution_clean_paddle,1
solution_clean_paddle.py,74,train,1,1.3318724000000002,70.3672738,solution_clean_paddle,1
solution_clean_paddle.py,1,<module>,1,0.0679704,69.1693544,solution_clean_paddle,5
solution_clean_paddle.py,1,<module>,1,0.0624076,68.415906,solution_clean_paddle,3
solution_clean_paddle.py,1,<module>,1,0.0566047,66.492484,solution_clean_paddle,4
solution_clean_paddle.py,1,<module>,1,0.06005460000000001,65.7874736,solution_clean_paddle,2
solution_clean_paddle.py,74,train,1,1.243236,64.23325220000001,solution_clean_paddle,5
solution_clean_paddle.py,74,train,1,1.1858889000000001,63.7703404,solution_clean_paddle,3
solution_clean_paddle.py,74,train,1,1.153594,61.9415095,solution_clean_paddle,4
solution_clean_paddle.py,74,train,1,1.1560667,61.24494670000001,solution_clean_paddle,2
solution_clean_paddle.py,49,loss_func,100,0.027344800000000002,55.6517982,solution_clean_paddle,1
solution_clean_paddle.py,49,loss_func,100,0.0242792,51.149186300000004,solution_clean_paddle,5
solution_clean_paddle.py,49,loss_func,100,0.0223923,50.7015425,solution_clean_paddle,3
solution_clean_paddle.py,49,loss_func,100,0.021631900000000003,49.493685600000006,solution_clean_paddle,4
solution_clean_paddle.py,49,loss_func,100,0.0226528,48.622703900000005,solution_clean_paddle,2
solution_clean_pennylane.py,11,__init__,1,0.00011540000000000001,9.0229204,solution_clean_pennylane,1
solution_clean_pennylane.py,11,__init__,1,7.460000000000001e-05,7.4133917,solution_clean_pennylane,5
solution_clean_pennylane.py,11,__init__,1,7.02e-05,7.3484882,solution_clean_pennylane,3
solution_clean_pennylane.py,11,__init__,1,8.47e-05,7.2254506,solution_clean_pennylane,2
solution_clean_pennylane.py,11,__init__,1,7.09e-05,7.1605939,solution_clean_pennylane,4
solution_clean_qiskit.py,14,__init__,1,5.16e-05,0.9851518,solution_clean_qiskit,2
solution_clean_qiskit.py,14,__init__,1,4e-05,0.8668489,solution_clean_qiskit,3
solution_clean_qiskit.py,14,__init__,1,4.2300000000000005e-05,0.8505657000000001,solution_clean_qiskit,4
solution_clean_qiskit.py,14,__init__,1,4.6e-05,0.8490996000000001,solution_clean_qiskit,1
solution_clean_qiskit.py,14,__init__,1,4.8400000000000004e-05,0.8294027,solution_clean_qiskit,5
solution_clean_paddle.py,67,get_matrix_U,2,1.3000000000000001e-05,0.5604286,solution_clean_paddle,5
solution_clean_paddle.py,67,get_matrix_U,2,1.06e-05,0.5275747000000001,solution_clean_paddle,1
solution_clean_paddle.py,70,get_matrix_V,2,9e-06,0.5269354,solution_clean_paddle,1
solution_clean_paddle.py,67,get_matrix_U,2,1.1400000000000001e-05,0.5247482,solution_clean_paddle,3
solution_clean_paddle.py,70,get_matrix_V,2,8.200000000000001e-06,0.5198129,solution_clean_paddle,3
solution_clean_paddle.py,67,get_matrix_U,2,1.1000000000000001e-05,0.5127864000000001,solution_clean_paddle,4
solution_clean_qiskit.py,195,loss_plot,1,2.33e-05,0.5035584000000001,solution_clean_qiskit,5
solution_clean_paddle.py,70,get_matrix_V,2,9.2e-06,0.5028522000000001,solution_clean_paddle,5
solution_clean_paddle.py,70,get_matrix_V,2,8.5e-06,0.5016266,solution_clean_paddle,4
solution_clean_paddle.py,67,get_matrix_U,2,1.01e-05,0.4957187,solution_clean_paddle,2
solution_clean_qiskit.py,195,loss_plot,1,2.23e-05,0.45781770000000005,solution_clean_qiskit,2
solution_clean_paddle.py,70,get_matrix_V,2,8.3e-06,0.45011730000000005,solution_clean_paddle,2
solution_clean_pennylane.py,132,loss_plot,1,1.9900000000000003e-05,0.4318872,solution_clean_pennylane,5
solution_clean_paddle.py,107,loss_plot,1,3.6400000000000004e-05,0.42612710000000004,solution_clean_paddle,1
solution_clean_paddle.py,107,loss_plot,1,1.7800000000000002e-05,0.41030900000000003,solution_clean_paddle,5
solution_clean_qiskit.py,195,loss_plot,1,1.84e-05,0.39084230000000003,solution_clean_qiskit,1
solution_clean_paddle.py,146,save_plot,3,1.7100000000000002e-05,0.3869503,solution_clean_paddle,5
solution_clean_qiskit.py,195,loss_plot,1,2.01e-05,0.3847239,solution_clean_qiskit,3
solution_clean_qiskit.py,195,loss_plot,1,2.01e-05,0.3768222,solution_clean_qiskit,4
solution_clean_pennylane.py,132,loss_plot,1,1.84e-05,0.35294380000000003,solution_clean_pennylane,3
solution_clean_pennylane.py,132,loss_plot,1,1.6000000000000003e-05,0.35251960000000004,solution_clean_pennylane,1
solution_clean_pennylane.py,132,loss_plot,1,2.02e-05,0.33938830000000003,solution_clean_pennylane,4
solution_clean_pennylane.py,171,save_plot,3,1.48e-05,0.3321831,solution_clean_pennylane,3
solution_clean_paddle.py,146,save_plot,3,1.5700000000000002e-05,0.3278449,solution_clean_paddle,1
solution_clean_paddle.py,107,loss_plot,1,3.77e-05,0.3241315,solution_clean_paddle,4
solution_clean_paddle.py,107,loss_plot,1,1.6800000000000002e-05,0.32252980000000003,solution_clean_paddle,2
solution_clean_pennylane.py,132,loss_plot,1,1.6400000000000002e-05,0.31796090000000005,solution_clean_pennylane,2
solution_clean_paddle.py,107,loss_plot,1,1.7800000000000002e-05,0.3102186,solution_clean_paddle,3
solution_clean_pennylane.py,171,save_plot,3,1.3300000000000001e-05,0.3066109,solution_clean_pennylane,1
solution_clean_pennylane.py,171,save_plot,3,1.1700000000000001e-05,0.29709260000000004,solution_clean_pennylane,5
solution_clean_qiskit.py,231,plot_matrix_as_image,1,2.26e-05,0.2813395,solution_clean_qiskit,4
solution_clean_paddle.py,146,save_plot,3,1.1700000000000001e-05,0.261063,solution_clean_paddle,4
solution_clean_pennylane.py,171,save_plot,3,1.66e-05,0.2606696,solution_clean_pennylane,4
solution_clean_pennylane.py,171,save_plot,3,1.13e-05,0.25599310000000003,solution_clean_pennylane,2
solution_clean_paddle.py,146,save_plot,3,1.1900000000000001e-05,0.2556143,solution_clean_paddle,2
solution_clean_paddle.py,146,save_plot,3,1e-05,0.2515485,solution_clean_paddle,3
solution_clean_paddle.py,138,plot_matrix_as_image,1,1.39e-05,0.2148237,solution_clean_paddle,5
solution_clean_pennylane.py,163,plot_matrix_as_image,1,1.3500000000000001e-05,0.1932932,solution_clean_pennylane,3
solution_clean_qiskit.py,231,plot_matrix_as_image,1,2.72e-05,0.17456280000000002,solution_clean_qiskit,2
solution_clean_pennylane.py,163,plot_matrix_as_image,1,1.1700000000000001e-05,0.1630491,solution_clean_pennylane,1
solution_clean_paddle.py,138,plot_matrix_as_image,1,1.23e-05,0.1533206,solution_clean_paddle,1
solution_clean_qiskit.py,212,plot_singular_values_comparison,1,1.8900000000000002e-05,0.1423018,solution_clean_qiskit,2
solution_clean_qiskit.py,231,plot_matrix_as_image,1,1.32e-05,0.1415752,solution_clean_qiskit,5
solution_clean_pennylane.py,163,plot_matrix_as_image,1,8.900000000000001e-06,0.1396602,solution_clean_pennylane,2
solution_clean_qiskit.py,231,plot_matrix_as_image,1,1.5700000000000002e-05,0.13839300000000002,solution_clean_qiskit,1
solution_clean_pennylane.py,146,plot_singular_values_comparison,1,2.11e-05,0.1381802,solution_clean_pennylane,3
solution_clean_pennylane.py,163,plot_matrix_as_image,1,9.3e-06,0.1332014,solution_clean_pennylane,5
solution_clean_qiskit.py,212,plot_singular_values_comparison,1,1.83e-05,0.1325935,solution_clean_qiskit,4
solution_clean_paddle.py,138,plot_matrix_as_image,1,9.3e-06,0.13061330000000002,solution_clean_paddle,4
solution_clean_paddle.py,138,plot_matrix_as_image,1,8.5e-06,0.12911920000000002,solution_clean_paddle,3
solution_clean_paddle.py,138,plot_matrix_as_image,1,1.3000000000000001e-05,0.12567820000000002,solution_clean_paddle,2
solution_clean_paddle.py,121,plot_singular_values_comparison,1,2.8000000000000003e-05,0.12564060000000002,solution_clean_paddle,1
solution_clean_pennylane.py,163,plot_matrix_as_image,1,9.600000000000001e-06,0.12402080000000001,solution_clean_pennylane,4
solution_clean_qiskit.py,231,plot_matrix_as_image,1,1.63e-05,0.12093860000000001,solution_clean_qiskit,3
solution_clean_pennylane.py,146,plot_singular_values_comparison,1,1.76e-05,0.1132814,solution_clean_pennylane,1
solution_clean_paddle.py,121,plot_singular_values_comparison,1,1.8e-05,0.1036083,solution_clean_paddle,5
solution_clean_qiskit.py,212,plot_singular_values_comparison,1,1.6100000000000002e-05,0.1031224,solution_clean_qiskit,5
solution_clean_qiskit.py,212,plot_singular_values_comparison,1,1.39e-05,0.1023614,solution_clean_qiskit,1
solution_clean_pennylane.py,146,plot_singular_values_comparison,1,1.73e-05,0.1010829,solution_clean_pennylane,5
solution_clean_qiskit.py,212,plot_singular_values_comparison,1,1.6100000000000002e-05,0.09808120000000001,solution_clean_qiskit,3
solution_clean_pennylane.py,146,plot_singular_values_comparison,1,2.2100000000000002e-05,0.09771350000000001,solution_clean_pennylane,4
solution_clean_paddle.py,121,plot_singular_values_comparison,1,1.56e-05,0.0967809,solution_clean_paddle,4
solution_clean_pennylane.py,146,plot_singular_values_comparison,1,1.83e-05,0.0939961,solution_clean_pennylane,2
solution_clean_paddle.py,121,plot_singular_values_comparison,1,1.7500000000000002e-05,0.0930222,solution_clean_paddle,2
solution_clean_paddle.py,121,plot_singular_values_comparison,1,1.74e-05,0.0924877,solution_clean_paddle,3
solution_clean_paddle.py,16,__init__,1,1.08e-05,0.031154800000000003,solution_clean_paddle,1
solution_clean_paddle.py,36,U_theta,2,7.790000000000001e-05,0.030934000000000003,solution_clean_paddle,1
solution_clean_paddle.py,16,__init__,1,7.2000000000000005e-06,0.025824000000000003,solution_clean_paddle,2
solution_clean_paddle.py,36,U_theta,2,5.97e-05,0.025609000000000003,solution_clean_paddle,2
solution_clean_paddle.py,16,__init__,1,5.7000000000000005e-06,0.0248499,solution_clean_paddle,4
solution_clean_paddle.py,36,U_theta,2,5.64e-05,0.024685500000000003,solution_clean_paddle,4
solution_clean_paddle.py,16,__init__,1,7.100000000000001e-06,0.024105,solution_clean_paddle,5
solution_clean_paddle.py,16,__init__,1,1.06e-05,0.0239819,solution_clean_paddle,3
solution_clean_paddle.py,36,U_theta,2,5.55e-05,0.023950700000000002,solution_clean_paddle,5
solution_clean_paddle.py,36,U_theta,2,5.67e-05,0.0238271,solution_clean_paddle,3
solution_clean_qiskit.py,252,from_image,1,1.6400000000000002e-05,0.0183525,solution_clean_qiskit,5
solution_clean_pennylane.py,39,<listcomp>,12928,0.0113915,0.0113915,solution_clean_pennylane,1
solution_clean_pennylane.py,39,<listcomp>,12928,0.0108334,0.0108334,solution_clean_pennylane,5
solution_clean_pennylane.py,39,<listcomp>,12928,0.0105304,0.0105304,solution_clean_pennylane,2
solution_clean_qiskit.py,123,<genexpr>,2000,0.0013805,0.0105219,solution_clean_qiskit,2
solution_clean_qiskit.py,123,<genexpr>,2000,0.0015088,0.0103073,solution_clean_qiskit,1
solution_clean_pennylane.py,39,<listcomp>,12928,0.010283500000000001,0.010283500000000001,solution_clean_pennylane,4
solution_clean_qiskit.py,123,<genexpr>,2000,0.0013855,0.010254800000000001,solution_clean_qiskit,3
solution_clean_pennylane.py,39,<listcomp>,12928,0.010248,0.010248,solution_clean_pennylane,3
solution_clean_qiskit.py,123,<genexpr>,2000,0.0013824,0.0100932,solution_clean_qiskit,4
solution_clean_qiskit.py,123,<genexpr>,2000,0.0012509,0.0094509,solution_clean_qiskit,5
solution_clean_pennylane.py,180,from_image,1,4.4200000000000004e-05,0.005884100000000001,solution_clean_pennylane,1
solution_clean_paddle.py,155,from_image,1,5.36e-05,0.005262,solution_clean_paddle,1
solution_clean_pennylane.py,180,from_image,1,4.5100000000000005e-05,0.0048266,solution_clean_pennylane,3
solution_clean_qiskit.py,252,from_image,1,1.74e-05,0.004309100000000001,solution_clean_qiskit,1
solution_clean_paddle.py,155,from_image,1,3.3900000000000004e-05,0.0042306,solution_clean_paddle,3
solution_clean_qiskit.py,252,from_image,1,2.57e-05,0.004197800000000001,solution_clean_qiskit,4
solution_clean_pennylane.py,180,from_image,1,3.85e-05,0.0041951,solution_clean_pennylane,4
solution_clean_qiskit.py,252,from_image,1,2.7400000000000002e-05,0.0041913,solution_clean_qiskit,2
solution_clean_pennylane.py,180,from_image,1,3.62e-05,0.0041863000000000004,solution_clean_pennylane,5
solution_clean_qiskit.py,93,<listcomp>,200,0.0013206000000000001,0.0041257,solution_clean_qiskit,3
solution_clean_qiskit.py,93,<listcomp>,200,0.001307,0.004113100000000001,solution_clean_qiskit,1
solution_clean_paddle.py,155,from_image,1,3.9200000000000004e-05,0.0041092,solution_clean_paddle,5
solution_clean_qiskit.py,93,<listcomp>,200,0.0013009,0.0040743,solution_clean_qiskit,2
solution_clean_pennylane.py,180,from_image,1,3.72e-05,0.0040732,solution_clean_pennylane,2
solution_clean_qiskit.py,93,<listcomp>,200,0.0013191000000000001,0.0040134,solution_clean_qiskit,5
solution_clean_qiskit.py,252,from_image,1,2.6700000000000002e-05,0.0039437000000000005,solution_clean_qiskit,3
solution_clean_qiskit.py,93,<listcomp>,200,0.0011974000000000002,0.0038656000000000003,solution_clean_qiskit,4
solution_clean_paddle.py,155,from_image,1,3.61e-05,0.0037377,solution_clean_paddle,2
solution_clean_paddle.py,155,from_image,1,3.19e-05,0.0032593,solution_clean_paddle,4
solution_clean_pennylane.py,112,frobenius_norm_error,1,0.0001953,0.0024782000000000003,solution_clean_pennylane,5
solution_clean_pennylane.py,112,frobenius_norm_error,1,0.00015470000000000002,0.0018792000000000001,solution_clean_pennylane,3
solution_clean_pennylane.py,112,frobenius_norm_error,1,0.00012660000000000001,0.0015932000000000001,solution_clean_pennylane,2
solution_clean_pennylane.py,112,frobenius_norm_error,1,0.00012030000000000001,0.0014217000000000001,solution_clean_pennylane,1
solution_clean_pennylane.py,112,frobenius_norm_error,1,0.00011690000000000001,0.0014032,solution_clean_pennylane,4
solution_clean_qiskit.py,155,frobenius_norm_error,1,0.0001685,0.0011740000000000001,solution_clean_qiskit,1
solution_clean_paddle.py,89,frobenius_norm_error,1,0.0002725,0.0011627,solution_clean_paddle,5
solution_clean_qiskit.py,155,frobenius_norm_error,1,0.00023060000000000002,0.0010583,solution_clean_qiskit,5
solution_clean_paddle.py,89,frobenius_norm_error,1,0.0002244,0.0009393,solution_clean_paddle,1
solution_clean_qiskit.py,155,frobenius_norm_error,1,0.000162,0.0009021000000000001,solution_clean_qiskit,2
solution_clean_paddle.py,89,frobenius_norm_error,1,0.000203,0.0008152000000000001,solution_clean_paddle,4
solution_clean_paddle.py,89,frobenius_norm_error,1,0.0001856,0.0007694,solution_clean_paddle,2
solution_clean_qiskit.py,155,frobenius_norm_error,1,0.0001507,0.000702,solution_clean_qiskit,4
solution_clean_paddle.py,89,frobenius_norm_error,1,0.0001643,0.0006999,solution_clean_paddle,3
solution_clean_qiskit.py,155,frobenius_norm_error,1,0.0001421,0.0006883000000000001,solution_clean_qiskit,3
solution_clean_qiskit.py,188,__init__,1,5.8e-06,0.000555,solution_clean_qiskit,5
solution_clean_qiskit.py,188,__init__,1,5.4e-06,0.0005267000000000001,solution_clean_qiskit,2
solution_clean_qiskit.py,188,__init__,1,3.3e-06,0.0004155,solution_clean_qiskit,4
solution_clean_qiskit.py,188,__init__,1,4.000000000000001e-06,0.0003643,solution_clean_qiskit,3
solution_clean_qiskit.py,188,__init__,1,3.6000000000000003e-06,0.00030710000000000004,solution_clean_qiskit,1
solution_clean_paddle.py,165,random_matrix,1,3.76e-05,0.0001416,solution_clean_paddle,1
solution_clean_paddle.py,165,random_matrix,1,3.3100000000000005e-05,0.00012570000000000002,solution_clean_paddle,5
solution_clean_pennylane.py,190,random_matrix,1,2.3800000000000003e-05,0.0001206,solution_clean_pennylane,5
solution_clean_qiskit.py,261,generate_random_matrix,1,1.98e-05,0.00010570000000000001,solution_clean_qiskit,5
solution_clean_paddle.py,165,random_matrix,1,3.1e-05,0.00010350000000000001,solution_clean_paddle,4
solution_clean_pennylane.py,190,random_matrix,1,1.98e-05,9.680000000000001e-05,solution_clean_pennylane,3
solution_clean_paddle.py,248,Mat_generator,1,2.61e-05,9.61e-05,solution_clean_paddle,5
solution_clean_paddle.py,165,random_matrix,1,2.5500000000000003e-05,9.180000000000001e-05,solution_clean_paddle,2
solution_clean_pennylane.py,190,random_matrix,1,1.8e-05,9.15e-05,solution_clean_pennylane,4
solution_clean_pennylane.py,190,random_matrix,1,1.83e-05,8.99e-05,solution_clean_pennylane,1
solution_clean_qiskit.py,261,generate_random_matrix,1,2e-05,8.690000000000001e-05,solution_clean_qiskit,2
solution_clean_qiskit.py,261,generate_random_matrix,1,1.48e-05,8.120000000000001e-05,solution_clean_qiskit,1
solution_clean_pennylane.py,190,random_matrix,1,1.67e-05,8.03e-05,solution_clean_pennylane,2
solution_clean_qiskit.py,261,generate_random_matrix,1,1.52e-05,7.510000000000001e-05,solution_clean_qiskit,4
solution_clean_qiskit.py,261,generate_random_matrix,1,1.4700000000000002e-05,7.42e-05,solution_clean_qiskit,3
solution_clean_paddle.py,165,random_matrix,1,1.46e-05,7.27e-05,solution_clean_paddle,3
solution_clean_paddle.py,248,Mat_generator,1,1.4000000000000001e-05,5.92e-05,solution_clean_paddle,2
solution_clean_paddle.py,248,Mat_generator,1,1.32e-05,4.7600000000000005e-05,solution_clean_paddle,1
solution_clean_paddle.py,248,Mat_generator,1,1.2100000000000001e-05,4.2800000000000004e-05,solution_clean_paddle,4
solution_clean_paddle.py,248,Mat_generator,1,1.0700000000000001e-05,4.0900000000000005e-05,solution_clean_paddle,3
solution_clean_pennylane.py,34,<listcomp>,1,6.4000000000000006e-06,1.02e-05,solution_clean_pennylane,1
solution_clean_pennylane.py,34,<listcomp>,1,4.7e-06,7.000000000000001e-06,solution_clean_pennylane,3
solution_clean_pennylane.py,34,<listcomp>,1,3.8e-06,6.4000000000000006e-06,solution_clean_pennylane,4
solution_clean_pennylane.py,34,<listcomp>,1,3.7e-06,5.8e-06,solution_clean_pennylane,2
solution_clean_pennylane.py,34,<listcomp>,1,3.5000000000000004e-06,5.7000000000000005e-06,solution_clean_pennylane,5
solution_clean_qiskit.py,13,VQSVD,1,4.800000000000001e-06,4.800000000000001e-06,solution_clean_qiskit,2
solution_clean_qiskit.py,13,VQSVD,1,4.5e-06,4.5e-06,solution_clean_qiskit,4
solution_clean_qiskit.py,13,VQSVD,1,4.4e-06,4.4e-06,solution_clean_qiskit,3
solution_clean_qiskit.py,13,VQSVD,1,4.3e-06,4.3e-06,solution_clean_qiskit,1
solution_clean_qiskit.py,13,VQSVD,1,4.3e-06,4.3e-06,solution_clean_qiskit,5
solution_clean_pennylane.py,10,VQSVD,1,3.6000000000000003e-06,3.6000000000000003e-06,solution_clean_pennylane,1
solution_clean_pennylane.py,10,VQSVD,1,3.1000000000000004e-06,3.1000000000000004e-06,solution_clean_pennylane,4
solution_clean_pennylane.py,10,VQSVD,1,3e-06,3e-06,solution_clean_pennylane,3
solution_clean_pennylane.py,10,VQSVD,1,2.9e-06,2.9e-06,solution_clean_pennylane,2
solution_clean_paddle.py,15,VQSVD,1,2.7e-06,2.7e-06,solution_clean_paddle,1
solution_clean_pennylane.py,10,VQSVD,1,2.6e-06,2.6e-06,solution_clean_pennylane,5
solution_clean_paddle.py,15,VQSVD,1,2.4000000000000003e-06,2.4000000000000003e-06,solution_clean_paddle,5
solution_clean_qiskit.py,187,LossPlot,1,2.3e-06,2.3e-06,solution_clean_qiskit,2
solution_clean_qiskit.py,187,LossPlot,1,2.1000000000000002e-06,2.1000000000000002e-06,solution_clean_qiskit,5
solution_clean_qiskit.py,187,LossPlot,1,2.1000000000000002e-06,2.1000000000000002e-06,solution_clean_qiskit,1
solution_clean_paddle.py,15,VQSVD,1,2.0000000000000003e-06,2.0000000000000003e-06,solution_clean_paddle,4
solution_clean_qiskit.py,187,LossPlot,1,1.9e-06,1.9e-06,solution_clean_qiskit,3
solution_clean_paddle.py,15,VQSVD,1,1.9e-06,1.9e-06,solution_clean_paddle,2
solution_clean_qiskit.py,187,LossPlot,1,1.9e-06,1.9e-06,solution_clean_qiskit,4
solution_clean_paddle.py,103,LossPlot,1,1.8000000000000001e-06,1.8000000000000001e-06,solution_clean_paddle,1
solution_clean_paddle.py,15,VQSVD,1,1.7e-06,1.7e-06,solution_clean_paddle,3
solution_clean_pennylane.py,128,LossPlot,1,1.6000000000000001e-06,1.6000000000000001e-06,solution_clean_pennylane,1
solution_clean_pennylane.py,128,LossPlot,1,1.5e-06,1.5e-06,solution_clean_pennylane,5
solution_clean_paddle.py,103,LossPlot,1,1.5e-06,1.5e-06,solution_clean_paddle,5
solution_clean_paddle.py,103,LossPlot,1,1.5e-06,1.5e-06,solution_clean_paddle,4
solution_clean_qiskit.py,245,MatGenerator,1,1.5e-06,1.5e-06,solution_clean_qiskit,2
solution_clean_qiskit.py,245,MatGenerator,1,1.5e-06,1.5e-06,solution_clean_qiskit,1
solution_clean_qiskit.py,245,MatGenerator,1,1.4000000000000001e-06,1.4000000000000001e-06,solution_clean_qiskit,4
solution_clean_paddle.py,103,LossPlot,1,1.4000000000000001e-06,1.4000000000000001e-06,solution_clean_paddle,2
solution_clean_paddle.py,104,__init__,1,1.4000000000000001e-06,1.4000000000000001e-06,solution_clean_paddle,4
solution_clean_pennylane.py,128,LossPlot,1,1.4000000000000001e-06,1.4000000000000001e-06,solution_clean_pennylane,3
solution_clean_qiskit.py,245,MatGenerator,1,1.4000000000000001e-06,1.4000000000000001e-06,solution_clean_qiskit,5
solution_clean_pennylane.py,128,LossPlot,1,1.3e-06,1.3e-06,solution_clean_pennylane,4
solution_clean_paddle.py,103,LossPlot,1,1.3e-06,1.3e-06,solution_clean_paddle,3
solution_clean_paddle.py,104,__init__,1,1.2000000000000002e-06,1.2000000000000002e-06,solution_clean_paddle,1
solution_clean_qiskit.py,245,MatGenerator,1,1.2000000000000002e-06,1.2000000000000002e-06,solution_clean_qiskit,3
solution_clean_pennylane.py,128,LossPlot,1,1.1e-06,1.1e-06,solution_clean_pennylane,2
solution_clean_paddle.py,104,__init__,1,1.0000000000000002e-06,1.0000000000000002e-06,solution_clean_paddle,5
solution_clean_paddle.py,104,__init__,1,1.0000000000000002e-06,1.0000000000000002e-06,solution_clean_paddle,2
solution_clean_paddle.py,104,__init__,1,1.0000000000000002e-06,1.0000000000000002e-06,solution_clean_paddle,3
solution_clean_pennylane.py,129,__init__,1,9.000000000000001e-07,9.000000000000001e-07,solution_clean_pennylane,5
solution_clean_pennylane.py,129,__init__,1,8.000000000000001e-07,8.000000000000001e-07,solution_clean_pennylane,3
solution_clean_qiskit.py,75,get_matrix_U,1,8.000000000000001e-07,8.000000000000001e-07,solution_clean_qiskit,5
solution_clean_pennylane.py,65,get_matrix_U,1,8.000000000000001e-07,8.000000000000001e-07,solution_clean_pennylane,2
solution_clean_pennylane.py,177,__init__,1,7.000000000000001e-07,7.000000000000001e-07,solution_clean_pennylane,2
solution_clean_pennylane.py,129,__init__,1,7.000000000000001e-07,7.000000000000001e-07,solution_clean_pennylane,2
solution_clean_qiskit.py,75,get_matrix_U,1,7.000000000000001e-07,7.000000000000001e-07,solution_clean_qiskit,2
solution_clean_pennylane.py,65,get_matrix_U,1,7.000000000000001e-07,7.000000000000001e-07,solution_clean_pennylane,4
solution_clean_pennylane.py,65,get_matrix_U,1,7.000000000000001e-07,7.000000000000001e-07,solution_clean_pennylane,5
solution_clean_pennylane.py,129,__init__,1,6.000000000000001e-07,6.000000000000001e-07,solution_clean_pennylane,4
solution_clean_pennylane.py,176,MatGenerator,1,6.000000000000001e-07,6.000000000000001e-07,solution_clean_pennylane,3
solution_clean_paddle.py,152,__init__,1,6.000000000000001e-07,6.000000000000001e-07,solution_clean_paddle,1
solution_clean_qiskit.py,75,get_matrix_U,1,6.000000000000001e-07,6.000000000000001e-07,solution_clean_qiskit,3
solution_clean_paddle.py,151,MatGenerator,1,6.000000000000001e-07,6.000000000000001e-07,solution_clean_paddle,5
solution_clean_pennylane.py,176,MatGenerator,1,5.000000000000001e-07,5.000000000000001e-07,solution_clean_pennylane,4
solution_clean_paddle.py,151,MatGenerator,1,5.000000000000001e-07,5.000000000000001e-07,solution_clean_paddle,1
solution_clean_qiskit.py,75,get_matrix_U,1,5.000000000000001e-07,5.000000000000001e-07,solution_clean_qiskit,1
solution_clean_pennylane.py,65,get_matrix_U,1,5.000000000000001e-07,5.000000000000001e-07,solution_clean_pennylane,1
solution_clean_pennylane.py,177,__init__,1,5.000000000000001e-07,5.000000000000001e-07,solution_clean_pennylane,1
solution_clean_paddle.py,151,MatGenerator,1,5.000000000000001e-07,5.000000000000001e-07,solution_clean_paddle,4
solution_clean_paddle.py,152,__init__,1,5.000000000000001e-07,5.000000000000001e-07,solution_clean_paddle,5
solution_clean_qiskit.py,78,get_matrix_V,1,4.0000000000000003e-07,4.0000000000000003e-07,solution_clean_qiskit,5
solution_clean_qiskit.py,246,__init__,1,4.0000000000000003e-07,4.0000000000000003e-07,solution_clean_qiskit,1
solution_clean_pennylane.py,65,get_matrix_U,1,4.0000000000000003e-07,4.0000000000000003e-07,solution_clean_pennylane,3
solution_clean_pennylane.py,177,__init__,1,4.0000000000000003e-07,4.0000000000000003e-07,solution_clean_pennylane,3
solution_clean_pennylane.py,68,get_matrix_V,1,4.0000000000000003e-07,4.0000000000000003e-07,solution_clean_pennylane,1
solution_clean_pennylane.py,129,__init__,1,4.0000000000000003e-07,4.0000000000000003e-07,solution_clean_pennylane,1
solution_clean_paddle.py,152,__init__,1,4.0000000000000003e-07,4.0000000000000003e-07,solution_clean_paddle,3
solution_clean_pennylane.py,176,MatGenerator,1,4.0000000000000003e-07,4.0000000000000003e-07,solution_clean_pennylane,1
solution_clean_paddle.py,151,MatGenerator,1,4.0000000000000003e-07,4.0000000000000003e-07,solution_clean_paddle,2
solution_clean_qiskit.py,246,__init__,1,3.0000000000000004e-07,3.0000000000000004e-07,solution_clean_qiskit,3
solution_clean_pennylane.py,176,MatGenerator,1,3.0000000000000004e-07,3.0000000000000004e-07,solution_clean_pennylane,2
solution_clean_pennylane.py,68,get_matrix_V,1,3.0000000000000004e-07,3.0000000000000004e-07,solution_clean_pennylane,3
solution_clean_qiskit.py,246,__init__,1,3.0000000000000004e-07,3.0000000000000004e-07,solution_clean_qiskit,5
solution_clean_qiskit.py,78,get_matrix_V,1,3.0000000000000004e-07,3.0000000000000004e-07,solution_clean_qiskit,2
solution_clean_qiskit.py,246,__init__,1,3.0000000000000004e-07,3.0000000000000004e-07,solution_clean_qiskit,2
solution_clean_qiskit.py,75,get_matrix_U,1,3.0000000000000004e-07,3.0000000000000004e-07,solution_clean_qiskit,4
solution_clean_paddle.py,152,__init__,1,3.0000000000000004e-07,3.0000000000000004e-07,solution_clean_paddle,4
solution_clean_pennylane.py,176,MatGenerator,1,3.0000000000000004e-07,3.0000000000000004e-07,solution_clean_pennylane,5
solution_clean_pennylane.py,68,get_matrix_V,1,3.0000000000000004e-07,3.0000000000000004e-07,solution_clean_pennylane,5
solution_clean_paddle.py,151,MatGenerator,1,3.0000000000000004e-07,3.0000000000000004e-07,solution_clean_paddle,3
solution_clean_paddle.py,152,__init__,1,3.0000000000000004e-07,3.0000000000000004e-07,solution_clean_paddle,2
solution_clean_pennylane.py,177,__init__,1,3.0000000000000004e-07,3.0000000000000004e-07,solution_clean_pennylane,4
solution_clean_qiskit.py,246,__init__,1,3.0000000000000004e-07,3.0000000000000004e-07,solution_clean_qiskit,4
solution_clean_qiskit.py,78,get_matrix_V,1,2.0000000000000002e-07,2.0000000000000002e-07,solution_clean_qiskit,4
solution_clean_pennylane.py,68,get_matrix_V,1,2.0000000000000002e-07,2.0000000000000002e-07,solution_clean_pennylane,2
solution_clean_pennylane.py,68,get_matrix_V,1,2.0000000000000002e-07,2.0000000000000002e-07,solution_clean_pennylane,4
solution_clean_pennylane.py,177,__init__,1,2.0000000000000002e-07,2.0000000000000002e-07,solution_clean_pennylane,5
solution_clean_qiskit.py,78,get_matrix_V,1,2.0000000000000002e-07,2.0000000000000002e-07,solution_clean_qiskit,1
solution_clean_qiskit.py,78,get_matrix_V,1,2.0000000000000002e-07,2.0000000000000002e-07,solution_clean_qiskit,3
